trade_date,date_str,open,high,low,close,pre_close,change,pct_chg,vol,amount,ma5,ma10,ma20,ma60,dif,dea,macd,kdj_k,kdj_d,kdj_j,rsi6,rsi12,rsi24,boll_upper,boll_mid,boll_lower
20250703,2025-07-03,1412.0,1422.69,1408.0,1415.6,1409.6,6.0,0.4257,24412.67,3456733.002,,,,,0.0,0.0,0.0,,,,,,,,,
20250704,2025-07-04,1415.7,1431.89,1410.01,1422.22,1415.6,6.62,0.4676,28766.91,4086547.268,,,,,0.5281,0.1056,0.845,,,,,,,,,
20250707,2025-07-07,1422.28,1423.5,1410.01,1410.7,1422.22,-11.52,-0.81,23854.67,3370562.659,,,,,0.0168,0.0878,-0.142,,,,,,,,,
20250708,2025-07-08,1410.71,1420.0,1410.7,1416.11,1410.7,5.41,0.3835,18673.7,2643302.691,,,,,0.0477,0.0798,-0.0642,,,,,,,,,
20250709,2025-07-09,1415.0,1429.97,1414.17,1418.88,1416.11,2.77,0.1956,27745.32,3950810.723,1416.7,,,,0.2922,0.1223,0.3398,,,,,,,,,
20250710,2025-07-10,1418.97,1436.18,1410.4,1426.5,1418.88,7.62,0.537,38725.03,5503329.754,1418.88,,,,1.0884,0.3155,1.5458,,,,,,,,,
20250711,2025-07-11,1423.16,1458.0,1423.16,1427.0,1426.5,0.5,0.0351,57243.35,8239010.39,1419.84,,,,1.7397,0.6003,2.2788,,,,66.55,,,,,
20250714,2025-07-14,1430.0,1434.98,1421.6,1423.6,1427.0,-3.4,-0.2383,27780.94,3961736.006,1422.42,,,,1.9588,0.872,2.1736,,,,52.21,,,,,
20250715,2025-07-15,1420.98,1422.93,1408.32,1411.0,1423.6,-12.6,-0.8851,35405.78,5005150.165,1421.4,,,,1.1031,0.9182,0.3698,35.33,45.11,15.78,50.46,,,,,
20250716,2025-07-16,1410.01,1417.49,1409.95,1411.03,1411.0,0.03,0.0021,21286.05,3006882.579,1419.83,1418.26,,,0.4225,0.8191,-0.7932,25.37,38.53,-0.94,40.56,,,,,
20250717,2025-07-17,1413.98,1423.01,1412.88,1416.35,1411.03,5.32,0.377,23105.54,3273100.406,1417.8,1418.34,,,0.3088,0.717,-0.8164,22.3,33.12,0.67,45.71,,,,,
20250718,2025-07-18,1420.0,1437.81,1416.38,1437.0,1416.35,20.65,1.458,41823.41,5984949.774,1419.8,1419.82,,,1.8635,0.9463,1.8344,34.11,33.45,35.43,62.35,,,,,
20250721,2025-07-21,1436.99,1446.8,1435.0,1443.0,1437.0,6.0,0.4175,26203.31,3779891.829,1423.68,1423.05,,,3.539,1.4648,4.1484,46.01,37.64,62.75,66.67,66.62,,,,
20250722,2025-07-22,1444.0,1466.6,1440.68,1464.98,1443.0,21.98,1.5232,42118.98,6127636.851,1434.47,1427.93,,,6.5648,2.4848,8.16,63.08,46.12,97.0,81.08,71.86,,,,
20250723,2025-07-23,1469.0,1495.0,1468.95,1475.5,1464.98,10.52,0.7181,45044.84,6676301.462,1447.37,1433.6,,,9.6998,3.9278,11.544,67.89,53.38,96.91,100.0,83.47,,,,
20250724,2025-07-24,1476.0,1499.0,1475.0,1491.5,1475.5,16.0,1.0844,38803.64,5786337.377,1462.4,1440.1,,,13.3218,5.8066,15.0304,75.84,60.86,105.78,100.0,85.1,,,,
20250725,2025-07-25,1491.4,1491.4,1453.0,1455.0,1491.5,-36.5,-2.4472,41911.26,6140078.741,1466.0,1442.9,,,13.096,7.2645,11.663,67.72,63.15,76.85,67.31,62.8,,,,
20250728,2025-07-28,1453.0,1454.99,1436.3,1438.66,1455.0,-16.34,-1.123,38586.32,5560966.386,1465.13,1444.4,,,11.4665,8.1049,6.7232,55.89,60.73,46.22,50.77,54.06,,,,
20250729,2025-07-29,1439.6,1448.79,1435.01,1439.0,1438.66,0.34,0.0236,26304.08,3785848.102,1459.93,1447.2,,,10.0862,8.5012,3.17,47.37,56.28,29.56,48.03,54.01,,,,
20250730,2025-07-30,1444.0,1457.16,1437.0,1449.44,1439.0,10.44,0.7255,31867.71,4612883.04,1454.72,1451.04,1434.65,,9.7226,8.7455,1.9542,44.92,52.49,29.78,41.38,58.24,,1479.25,1434.65,1390.05
20250731,2025-07-31,1443.0,1444.87,1418.0,1421.67,1449.44,-27.77,-1.9159,51797.51,7386302.758,1440.75,1451.58,1434.96,,7.1117,8.4187,-2.614,31.46,45.48,3.41,24.94,53.1,,1479.12,1434.96,1390.8
20250801,2025-08-01,1421.87,1425.96,1414.0,1417.0,1421.67,-4.67,-0.3285,29635.59,4200850.79,1433.15,1449.58,1434.7,,4.6126,7.6575,-6.0898,22.15,37.7,-8.96,11.22,51.69,,1479.21,1434.7,1390.18
20250804,2025-08-04,1415.0,1419.8,1414.0,1419.0,1417.0,2.0,0.1411,18687.95,2647105.74,1429.22,1447.17,1435.11,,2.7615,6.6783,-7.8336,16.73,30.71,-11.24,20.76,50.76,,1478.87,1435.11,1391.35
20250805,2025-08-05,1421.0,1429.94,1417.11,1427.74,1419.0,8.74,0.6159,25342.27,3607931.488,1426.97,1443.45,1435.69,,1.977,5.738,-7.522,16.54,25.99,-2.36,39.88,47.13,,1478.73,1435.69,1392.65
20250806,2025-08-06,1429.0,1429.0,1419.3,1423.88,1427.74,-3.86,-0.2704,23699.28,3372334.94,1421.86,1438.29,1435.94,,1.0319,4.7968,-7.5298,15.28,22.42,1.01,36.85,43.99,51.71,1478.65,1435.94,1393.24
20250807,2025-08-07,1423.88,1427.7,1420.06,1422.35,1423.88,-1.53,-0.1075,28001.34,3988765.795,1421.99,1431.37,1435.74,,0.1576,3.869,-7.4228,16.64,20.49,8.93,22.11,34.63,50.03,1478.66,1435.74,1392.81
20250808,2025-08-08,1423.05,1426.5,1418.0,1420.97,1422.35,-1.38,-0.097,18655.28,2651478.118,1422.79,1427.97,1435.43,,-0.6392,2.9674,-7.2132,16.47,19.15,11.12,48.42,28.96,52.27,1478.68,1435.43,1392.18
20250811,2025-08-11,1423.5,1451.99,1423.0,1445.0,1420.97,24.03,1.6911,47159.07,6794034.09,1427.99,1428.61,1436.5,,0.6607,2.5061,-3.6908,34.92,24.41,55.96,83.7,33.1,55.9,1479.59,1436.5,1393.42
20250812,2025-08-12,1449.0,1465.07,1436.0,1437.04,1445.0,-7.96,-0.5509,42019.23,6095342.036,1429.85,1428.41,1437.81,,1.0366,2.2122,-2.3512,38.32,29.05,56.87,68.99,41.77,53.63,1479.27,1437.81,1396.34
20250813,2025-08-13,1425.0,1433.68,1420.0,1420.05,1437.04,-16.99,-1.1823,65527.54,9325460.101,1429.08,1425.47,1438.26,,-0.036,1.7626,-3.5972,29.5,29.2,30.1,43.1,41.52,48.76,1478.73,1438.26,1397.78
20250814,2025-08-14,1420.94,1447.51,1420.94,1426.99,1420.05,6.94,0.4887,48129.3,6897535.33,1430.01,1426.0,1438.79,,-0.3224,1.3456,-3.336,28.14,28.85,26.74,52.64,44.84,50.0,1478.37,1438.79,1399.21
20250815,2025-08-15,1426.01,1428.66,1420.22,1422.08,1426.99,-4.91,-0.3441,47581.65,6772436.997,1430.23,1426.51,1438.04,,-0.9347,0.8895,-3.6484,22.22,26.64,13.38,49.78,37.65,49.72,1478.29,1438.04,1397.8
20250818,2025-08-18,1426.99,1436.64,1423.1,1428.5,1422.08,6.42,0.4515,47377.98,6773477.871,1426.93,1427.46,1437.32,,-0.8917,0.5333,-2.85,22.25,25.17,16.39,55.6,53.82,53.35,1477.7,1437.32,1396.94
20250819,2025-08-19,1433.5,1446.66,1432.0,1438.0,1428.5,9.5,0.665,46371.86,6678541.001,1427.12,1428.49,1435.97,,-0.09,0.4086,-0.9972,28.99,26.45,34.09,43.36,61.14,54.98,1474.32,1435.97,1397.62
20250820,2025-08-20,1438.0,1452.8,1430.02,1450.0,1438.0,12.0,0.8345,45804.66,6623095.725,1433.11,1431.1,1434.69,,1.4964,0.6262,1.7404,41.99,31.63,62.72,61.42,64.87,56.06,1469.2,1434.69,1400.18
20250821,2025-08-21,1453.45,1454.99,1443.65,1448.25,1450.0,-1.75,-0.1207,30890.57,4470441.662,1437.37,1433.69,1432.53,,2.5827,1.0175,3.1304,48.89,37.38,71.9,83.96,60.54,52.18,1456.27,1432.53,1408.79
20250822,2025-08-22,1448.88,1464.0,1444.77,1463.95,1448.25,15.7,1.0841,44970.58,6544867.368,1445.74,1437.99,1432.98,,4.6567,1.7453,5.8228,65.1,46.62,102.05,86.75,68.36,53.9,1458.65,1432.98,1407.3
20250825,2025-08-25,1470.01,1496.0,1466.0,1490.33,1463.95,26.38,1.802,65324.55,9676719.498,1458.11,1442.52,1435.56,,8.333,3.0628,10.5404,74.24,55.83,111.08,97.56,75.37,54.65,1471.39,1435.56,1399.73
20250826,2025-08-26,1490.32,1494.23,1480.01,1481.61,1490.33,-8.72,-0.5851,39602.13,5883917.0,1466.83,1446.98,1437.69,,10.4227,4.5348,11.7758,76.5,62.72,104.06,85.86,71.46,51.13,1478.77,1437.69,1396.61
20250827,2025-08-27,1481.88,1484.93,1448.0,1448.0,1481.61,-33.61,-2.2685,56006.09,8184169.113,1466.43,1449.77,1437.62,,9.26,5.4798,7.5604,63.22,62.89,63.89,55.09,50.99,42.46,1478.62,1437.62,1396.62
20250828,2025-08-28,1447.97,1456.1,1438.77,1446.1,1448.0,-1.9,-0.1312,39281.77,5683673.273,1466.0,1451.68,1438.84,,8.092,6.0022,4.1796,52.66,59.48,39.03,47.79,53.13,48.25,1479.32,1438.84,1398.36
20250829,2025-08-29,1453.0,1482.58,1452.0,1480.0,1446.1,33.9,2.3442,62256.48,9159701.454,1469.21,1457.47,1441.99,,9.789,6.7596,6.0588,60.36,59.77,61.53,63.21,68.53,57.61,1484.91,1441.99,1399.07
20250901,2025-09-01,1482.2,1488.0,1465.7,1476.1,1480.0,-3.9,-0.2635,45123.38,6658918.555,1466.36,1462.23,1444.85,,10.6958,7.5468,6.298,63.52,61.02,68.52,55.6,65.47,56.75,1488.85,1444.85,1400.84
20250902,2025-09-02,1478.66,1509.0,1478.0,1491.3,1476.1,15.2,1.0297,56688.37,8470012.816,1468.3,1467.56,1448.03,,12.4969,8.5368,7.9202,67.28,63.11,75.62,50.5,70.48,57.48,1495.66,1448.03,1400.39
20250903,2025-09-03,1491.0,1503.5,1466.0,1480.55,1491.3,-10.75,-0.7208,45045.03,6656011.145,1474.81,1470.62,1450.86,,12.9081,9.4111,6.994,64.68,63.63,66.78,49.47,65.02,61.2,1499.15,1450.86,1402.57
20250904,2025-09-04,1472.0,1479.3,1460.47,1472.66,1480.55,-7.89,-0.5329,47746.76,7017084.75,1480.12,1473.06,1453.37,,12.4538,10.0196,4.8684,59.21,62.16,53.31,66.77,60.09,60.46,1500.7,1453.37,1406.05
20250905,2025-09-05,1471.0,1486.97,1464.0,1483.0,1472.66,10.34,0.7021,37388.48,5519312.163,1480.72,1474.96,1456.48,,12.7807,10.5718,4.4178,60.46,61.59,58.21,72.51,59.7,61.67,1503.02,1456.48,1409.93
20250908,2025-09-08,1483.0,1506.44,1477.5,1501.23,1483.0,18.23,1.2293,51382.98,7682065.696,1485.75,1476.05,1459.29,,14.3454,11.3265,6.0378,69.95,64.38,81.1,66.01,64.2,62.95,1509.38,1459.29,1409.2
20250909,2025-09-09,1505.0,1509.95,1493.42,1505.0,1501.23,3.77,0.2511,35742.77,5366650.005,1488.49,1478.39,1462.68,,15.7087,12.2029,7.0116,77.65,68.8,95.35,71.83,61.76,64.3,1515.43,1462.68,1409.94
20250910,2025-09-10,1506.66,1529.95,1496.0,1522.01,1505.0,17.01,1.1302,49663.31,7541460.049,1496.78,1485.8,1467.78,,17.9546,13.3532,9.2028,81.71,73.1,98.91,72.58,59.59,66.66,1522.72,1467.78,1412.85
20250911,2025-09-11,1522.01,1526.02,1508.5,1523.5,1522.01,1.49,0.0979,37238.96,5642778.456,1506.95,1493.54,1472.61,,19.6285,14.6083,10.0404,84.71,76.97,100.18,86.57,63.26,67.13,1529.29,1472.61,1415.92
20250912,2025-09-12,1526.0,1538.02,1510.53,1516.0,1523.5,-7.5,-0.4923,33722.09,5132184.935,1513.55,1497.13,1477.3,,20.118,15.7102,8.8156,80.34,78.1,84.83,87.14,75.78,62.55,1531.99,1477.3,1422.62
20250915,2025-09-15,1515.87,1517.48,1501.5,1515.1,1516.0,-0.9,-0.0594,25827.03,3901929.718,1516.32,1501.04,1481.63,,20.2004,16.6082,7.1844,77.04,77.74,75.64,82.82,76.36,64.16,1533.84,1481.63,1429.43
20250916,2025-09-16,1515.1,1520.99,1496.21,1499.98,1515.1,-15.12,-0.998,32717.89,4928374.478,1515.32,1501.9,1484.73,,18.8286,17.0523,3.5526,68.34,74.61,55.81,48.64,58.91,64.59,1533.45,1484.73,1436.02
20250917,2025-09-17,1499.99,1510.28,1490.01,1493.0,1499.98,-6.98,-0.4653,30330.54,4534770.634,1509.52,1503.15,1486.88,,16.9825,17.0383,-0.1116,58.62,69.28,37.3,37.76,57.34,62.05,1533.0,1486.88,1440.76
20250918,2025-09-18,1492.0,1497.8,1463.5,1467.96,1493.0,-25.04,-1.6772,49721.25,7347477.479,1498.41,1502.68,1487.87,,13.3451,16.2997,-5.9092,41.08,59.88,3.47,2.61,40.67,57.8,1531.42,1487.87,1444.32
20250919,2025-09-19,1467.99,1475.5,1457.01,1467.97,1467.96,0.01,0.0007,32636.62,4784528.851,1488.8,1501.17,1488.07,,10.344,15.1086,-9.5292,31.89,50.55,-5.42,0.02,44.5,56.86,1531.21,1488.07,1444.93
20250922,2025-09-22,1465.09,1467.97,1450.01,1453.35,1467.97,-14.62,-0.9959,34947.08,5085057.536,1476.45,1496.39,1486.22,,6.7085,13.4286,-13.4402,22.53,41.21,-14.84,0.02,42.02,52.62,1531.91,1486.22,1440.53
20250923,2025-09-23,1450.5,1457.5,1440.0,1447.42,1453.35,-5.93,-0.408,38663.0,5588384.388,1465.94,1490.63,1484.51,,3.3107,11.405,-16.1886,17.54,33.32,-14.02,0.01,34.74,49.55,1533.22,1484.51,1435.8
20250924,2025-09-24,1434.07,1456.78,1434.07,1442.0,1447.42,-5.42,-0.3745,30743.5,4443052.872,1455.74,1482.63,1484.21,1452.16,0.1785,9.1597,-17.9624,14.24,26.96,-11.21,0.02,21.47,48.92,1533.88,1484.21,1434.54
20250925,2025-09-25,1442.83,1445.21,1436.0,1439.0,1442.0,-3.0,-0.208,33869.73,4873274.661,1449.95,1474.18,1483.86,1452.55,-2.5168,6.8244,-18.6824,11.38,21.77,-9.39,0.02,17.97,45.51,1534.7,1483.86,1433.02
20250926,2025-09-26,1441.18,1447.11,1428.01,1435.0,1439.0,-4.0,-0.278,45120.71,6480889.597,1443.35,1466.08,1481.61,1452.76,-4.9189,4.4757,-18.7892,10.09,17.88,-5.47,0.03,1.67,39.16,1536.73,1481.61,1426.48
20250929,2025-09-29,1439.38,1469.99,1435.0,1460.86,1435.0,25.86,1.8021,53684.03,7798434.586,1444.86,1460.65,1480.84,1453.6,-4.682,2.6442,-14.6524,20.04,18.6,22.92,43.96,22.62,46.19,1536.67,1480.84,1425.02
20250930,2025-09-30,1460.0,1460.76,1440.0,1443.99,1460.86,-16.87,-1.1548,39363.62,5687474.876,1444.17,1455.05,1478.48,1454.07,-5.7887,0.9576,-13.4926,20.99,19.4,24.18,42.34,20.91,49.22,1536.31,1478.48,1420.65
20251009,2025-10-09,1436.0,1439.38,1420.0,1436.78,1443.99,-7.21,-0.4993,54918.12,7845448.947,1443.13,1449.43,1476.29,1454.36,-7.165,-0.6669,-12.9962,24.07,20.95,30.31,41.47,19.89,48.21,1536.89,1476.29,1415.7
20251010,2025-10-10,1437.6,1439.94,1427.5,1430.0,1436.78,-6.78,-0.4719,36001.44,5157459.262,1441.33,1445.64,1474.16,1454.42,-8.7026,-2.274,-12.8572,22.72,21.54,25.07,40.58,21.25,39.31,1538.03,1474.16,1410.29
20251013,2025-10-13,1415.7,1422.85,1415.12,1419.2,1430.0,-10.8,-0.7552,46068.8,6533147.458,1438.17,1440.76,1470.97,1454.29,-10.6695,-3.9531,-13.4328,17.62,20.24,12.4,36.16,20.61,38.18,1538.99,1470.97,1402.94
20251014,2025-10-14,1429.99,1464.0,1429.99,1451.02,1419.2,31.82,2.2421,66672.33,9639484.605,1436.2,1440.53,1468.46,1454.75,-9.5506,-5.0726,-8.956,33.56,24.68,51.32,58.06,43.6,42.17,1535.53,1468.46,1401.39
20251015,2025-10-15,1450.98,1463.0,1445.08,1462.0,1451.02,10.98,0.7567,42785.4,6233407.482,1439.8,1441.99,1466.31,1455.6,-7.6893,-5.5959,-4.1868,50.85,33.4,85.75,50.67,47.92,46.4,1531.28,1466.31,1401.34
20251016,2025-10-16,1461.92,1484.95,1458.88,1484.91,1462.0,22.91,1.567,45730.15,6749162.949,1449.43,1446.28,1464.45,1456.83,-4.3158,-5.3399,2.0482,67.22,44.67,112.3,72.61,60.41,52.25,1524.92,1464.45,1403.99
20251017,2025-10-17,1483.1,1488.0,1454.03,1455.0,1484.91,-29.91,-2.0143,38085.89,5594724.9,1454.43,1447.88,1461.03,1457.47,-4.0095,-5.0738,2.1286,63.05,50.8,87.55,58.05,52.16,45.21,1515.15,1461.03,1406.9
20251020,2025-10-20,1455.0,1469.5,1454.88,1457.93,1455.0,2.93,0.2014,25949.88,3793283.759,1462.17,1450.17,1458.12,1457.82,-3.4901,-4.7571,2.534,61.61,54.4,76.03,62.77,54.6,42.18,1506.01,1458.12,1410.23
20251021,2025-10-21,1459.0,1469.94,1455.5,1462.26,1457.93,4.33,0.297,25442.67,3727984.13,1464.42,1450.31,1455.48,1458.14,-2.698,-4.3453,3.2946,62.64,57.15,73.61,70.93,56.67,42.3,1495.73,1455.48,1415.24
20251022,2025-10-22,1462.08,1465.73,1456.0,1458.7,1462.26,-3.56,-0.2435,18194.92,2657486.636,1463.76,1451.78,1453.42,1458.04,-2.3306,-3.9424,3.2236,61.69,58.66,67.75,55.15,56.81,38.01,1488.18,1453.42,1418.65
20251023,2025-10-23,1455.0,1468.8,1447.2,1467.98,1458.7,9.28,0.6362,29322.35,4274652.09,1460.37,1454.9,1452.17,1457.91,-1.276,-3.4091,4.2662,65.3,60.88,74.16,54.1,52.26,39.79,1482.69,1452.17,1421.64
20251024,2025-10-24,1467.95,1478.88,1449.34,1450.0,1467.98,-17.98,-1.2248,38225.83,5578603.148,1459.37,1456.9,1451.27,1457.22,-1.8694,-3.1012,2.4636,55.03,58.93,47.24,24.33,51.9,38.31,1480.92,1451.27,1421.61
20251027,2025-10-27,1440.0,1452.49,1435.99,1440.41,1450.0,-9.59,-0.6614,37102.39,5352667.152,1455.87,1459.02,1449.89,1456.98,-3.0781,-3.0966,0.037,39.52,52.46,13.65,34.7,51.13,37.16,1478.87,1449.89,1420.91
20251028,2025-10-28,1442.0,1451.2,1441.1,1445.0,1440.41,4.59,0.3187,27124.33,3923817.14,1452.42,1458.42,1449.47,1457.09,-3.6239,-3.2021,-0.8436,32.12,45.68,5.01,36.89,54.73,40.2,1478.48,1449.47,1420.47
20251029,2025-10-29,1440.02,1446.55,1430.04,1431.9,1445.0,-13.1,-0.9066,33937.11,4868780.319,1447.06,1455.41,1448.7,1456.97,-5.0551,-3.5727,-2.9648,22.48,37.95,-8.44,23.87,53.94,39.34,1478.69,1448.7,1418.7
20251030,2025-10-30,1421.81,1436.63,1421.81,1426.74,1431.9,-5.16,-0.3604,47456.1,6768821.311,1438.81,1449.59,1447.93,1456.59,-6.5305,-4.1643,-4.7324,17.87,31.26,-8.9,23.23,40.96,42.27,1479.32,1447.93,1416.55
20251031,2025-10-31,1422.0,1435.98,1420.11,1430.01,1426.74,3.27,0.2292,35693.77,5109623.861,1434.81,1447.09,1447.48,1456.73,-7.3512,-4.8017,-5.099,17.53,26.68,-0.78,14.64,37.37,42.97,1479.62,1447.48,1415.35
20251103,2025-11-03,1431.0,1448.0,1420.1,1435.0,1430.01,4.99,0.3489,34547.66,4945310.83,1433.73,1444.8,1447.48,1457.03,-7.5123,-5.3438,-4.337,20.13,24.5,11.41,31.57,27.04,46.47,1479.62,1447.48,1415.35
20251104,2025-11-04,1435.1,1435.78,1423.78,1429.0,1435.0,-6.0,-0.4181,26565.72,3793892.903,1430.53,1441.47,1445.89,1457.19,-8.0316,-5.8814,-4.3004,18.47,22.49,10.43,34.63,34.67,46.46,1478.37,1445.89,1413.41
20251105,2025-11-05,1425.89,1430.99,1420.01,1420.08,1429.0,-8.92,-0.6242,34475.27,4908475.373,1428.17,1437.61,1444.7,1457.07,-9.0584,-6.5168,-5.0832,12.35,19.11,-1.16,19.93,29.15,45.85,1479.07,1444.7,1410.32
20251106,2025-11-06,1430.0,1441.45,1429.99,1435.13,1420.08,15.05,1.0598,38347.82,5505960.415,1429.84,1434.33,1444.61,1457.25,-8.5592,-6.9253,-3.2678,23.75,20.66,29.94,53.72,36.63,49.3,1479.07,1444.61,1410.16
20251107,2025-11-07,1435.11,1439.78,1431.11,1433.33,1435.13,-1.8,-0.1254,18861.39,2704995.856,1430.51,1432.66,1444.78,1457.44,-8.2141,-7.1831,-2.062,30.07,23.8,42.62,58.23,37.28,49.69,1478.99,1444.78,1410.57
20251110,2025-11-10,1435.0,1463.69,1434.98,1462.3,1433.33,28.97,2.0212,49451.54,7181246.441,1435.97,1434.85,1446.93,1458.13,-5.5391,-6.8543,2.6304,52.32,33.3,90.35,74.56,47.62,50.26,1479.83,1446.93,1414.04
20251111,2025-11-11,1462.0,1462.18,1447.0,1458.99,1462.3,-3.31,-0.2264,26691.56,3882776.772,1441.97,1436.25,1447.33,1458.36,-3.6442,-6.2123,5.1362,64.63,43.74,106.39,68.73,54.29,52.85,1480.61,1447.33,1414.06
20251112,2025-11-12,1459.98,1478.36,1459.21,1465.15,1458.99,6.16,0.4222,32992.1,4849073.051,1450.98,1439.57,1447.49,1458.83,-1.6267,-5.2952,7.337,68.87,52.12,102.37,78.15,62.21,55.41,1481.07,1447.49,1413.91
20251113,2025-11-13,1462.12,1473.58,1458.0,1470.38,1465.15,5.23,0.357,31179.23,4569178.269,1458.03,1443.94,1446.76,1459.67,0.3897,-4.1582,9.0958,74.69,59.64,104.78,91.56,62.45,57.75,1477.59,1446.76,1415.94
20251114,2025-11-14,1470.0,1478.95,1456.3,1456.6,1470.38,-13.78,-0.9372,27473.06,4031007.106,1462.68,1446.6,1446.84,1460.16,0.8659,-3.1534,8.0386,70.49,63.26,84.94,68.12,62.03,57.09,1477.76,1446.84,1415.93
20251117,2025-11-17,1454.0,1473.0,1445.79,1471.0,1456.6,14.4,0.9886,34462.21,5035780.027,1464.42,1450.2,1447.5,1460.98,2.3777,-2.0472,8.8498,75.83,67.45,92.59,76.21,69.78,54.06,1479.84,1447.5,1415.15
20251118,2025-11-18,1470.7,1486.07,1469.0,1476.0,1471.0,5.0,0.3399,34204.78,5055675.474,1467.83,1454.9,1448.18,1461.77,3.934,-0.851,9.57,77.9,70.93,91.84,64.31,70.24,52.91,1482.29,1448.18,1414.08
20251119,2025-11-19,1474.0,1479.53,1469.96,1471.01,1476.0,-4.99,-0.3381,22045.37,3249449.214,1469.0,1459.99,1448.8,1462.32,4.7104,0.2613,8.8982,76.13,72.67,83.07,62.13,65.85,46.87,1484.07,1448.8,1413.53
20251120,2025-11-20,1472.0,1479.9,1465.03,1467.11,1471.01,-3.9,-0.2651,24002.32,3531653.943,1468.34,1463.19,1448.76,1462.6,4.9539,1.1998,7.5082,71.72,72.35,70.46,52.07,67.09,53.08,1483.93,1448.76,1413.58
20251121,2025-11-21,1470.5,1480.0,1456.0,1466.6,1467.11,-0.51,-0.0348,42607.2,6259873.433,1470.34,1466.51,1449.59,1462.91,5.0476,1.9694,6.1564,65.03,69.91,55.28,45.56,72.56,52.24,1485.61,1449.59,1413.56
20251124,2025-11-24,1467.0,1471.0,1451.13,1452.0,1466.6,-14.6,-0.9955,33607.44,4901903.705,1466.54,1465.48,1450.17,1462.71,3.8988,2.3553,3.087,48.49,62.77,19.94,44.7,58.22,47.49,1485.96,1450.17,1414.38
20251125,2025-11-25,1458.0,1458.0,1444.5,1444.65,1452.0,-7.35,-0.5062,28440.69,4119930.011,1460.27,1464.05,1450.15,1461.95,2.3679,2.3578,0.0202,32.45,52.66,-7.98,13.76,55.23,46.62,1485.95,1450.15,1414.35
20251126,2025-11-26,1448.88,1453.49,1443.58,1449.15,1444.65,4.5,0.3115,20306.16,2938818.095,1455.9,1462.45,1451.01,1461.41,1.5005,2.1863,-1.3716,26.0,43.78,-9.55,12.55,42.15,45.37,1485.83,1451.01,1416.19
20251127,2025-11-27,1449.5,1450.0,1439.04,1447.3,1449.15,-1.85,-0.1277,22286.89,3216797.187,1451.94,1460.14,1452.04,1461.39,0.6563,1.8803,-2.448,23.19,36.91,-4.26,13.76,42.9,49.28,1485.1,1452.04,1418.98
20251128,2025-11-28,1446.5,1455.5,1443.0,1450.5,1447.3,3.2,0.2211,23211.21,3366696.622,1448.72,1459.53,1453.06,1461.47,0.2426,1.5528,-2.6204,23.58,32.47,5.81,24.05,40.76,52.79,1484.56,1453.06,1421.57
20251201,2025-12-01,1451.0,1462.27,1442.0,1448.0,1450.5,-2.5,-0.1724,27333.42,3961994.999,1447.92,1457.23,1453.71,1460.94,-0.2837,1.1855,-2.9384,23.01,29.32,10.4,22.65,35.39,50.84,1484.21,1453.71,1423.21
20251202,2025-12-02,1448.0,1451.92,1435.02,1436.03,1448.0,-11.97,-0.8267,25047.26,3607543.825,1446.2,1453.24,1454.07,1460.27,-1.6476,0.6189,-4.533,16.09,24.91,-1.55,24.55,36.24,51.16,1483.56,1454.07,1424.57
20251203,2025-12-03,1435.81,1435.97,1428.0,1429.1,1436.03,-6.93,-0.4826,23572.79,3370080.066,1442.19,1449.04,1454.52,1459.23,-3.2503,-0.1549,-6.1908,11.43,20.42,-6.54,24.88,18.87,50.66,1482.14,1454.52,1426.89
20251204,2025-12-04,1429.1,1432.5,1418.38,1423.98,1429.1,-5.12,-0.3583,29075.39,4134921.902,1437.52,1444.73,1453.96,1458.29,-4.8774,-1.0994,-7.556,11.17,17.33,-1.16,10.14,11.42,48.33,1483.51,1453.96,1424.41
20251205,2025-12-05,1423.98,1433.09,1419.5,1430.01,1423.98,6.03,0.4235,25401.66,3622681.597,1433.42,1441.07,1453.79,1457.58,-5.6155,-2.0026,-7.2258,16.28,16.98,14.87,25.82,20.06,48.63,1483.84,1453.79,1423.75
20251208,2025-12-08,1429.2,1436.67,1418.0,1418.22,1430.01,-11.79,-0.8245,33602.8,4789155.77,1427.47,1437.69,1451.59,1456.5,-7.0704,-3.0162,-8.1084,11.02,14.99,3.07,13.6,17.98,47.13,1485.08,1451.59,1418.1
20251209,2025-12-09,1418.23,1421.0,1400.05,1401.01,1418.22,-17.21,-1.2135,42634.43,5995722.121,1420.46,1433.33,1448.69,1454.83,-9.5025,-4.3135,-10.378,7.86,12.62,-1.65,10.21,14.76,45.14,1488.55,1448.69,1408.83
20251210,2025-12-10,1400.0,1402.8,1383.18,1402.8,1401.01,1.79,0.1278,33133.47,4625906.139,1415.2,1428.7,1445.57,1453.12,-11.1569,-5.6822,-10.9494,13.51,12.91,14.7,16.0,19.34,41.16,1489.36,1445.57,1401.79
20251211,2025-12-11,1406.66,1411.99,1401.55,1411.99,1402.8,9.19,0.6551,22385.01,3149974.074,1412.81,1425.16,1442.65,1451.29,-11.5929,-6.8643,-9.4572,21.15,15.66,32.13,33.27,30.1,44.39,1487.21,1442.65,1398.1
20251212,2025-12-12,1418.0,1425.0,1413.57,1420.65,1411.99,8.66,0.6133,37159.19,5273563.274,1410.93,1422.18,1440.86,1449.58,-11.1115,-7.7137,-6.7956,32.27,21.2,54.42,46.95,33.48,37.75,1485.92,1440.86,1395.8
20251215,2025-12-15,1439.59,1439.99,1425.57,1426.0,1420.65,5.35,0.3766,33358.79,4774362.06,1412.49,1419.98,1438.61,1448.08,-10.181,-8.2072,-3.9476,46.64,29.68,80.56,46.29,38.13,40.41,1481.88,1438.61,1395.33
20251216,2025-12-16,1426.2,1428.78,1415.0,1422.0,1426.0,-4.0,-0.2805,23963.67,3403139.194,1416.69,1418.58,1435.91,1446.52,-9.655,-8.4968,-2.3164,53.87,37.74,86.13,54.09,34.26,37.3,1476.14,1435.91,1395.67
20251217,2025-12-17,1425.0,1439.94,1417.68,1433.1,1422.0,11.1,0.7806,31382.49,4489482.138,1422.75,1418.98,1434.01,1445.41,-8.2474,-8.4469,0.399,65.2,46.89,101.82,90.02,42.49,39.39,1470.88,1434.01,1397.14
20251218,2025-12-18,1433.5,1438.88,1426.11,1431.0,1433.1,-2.1,-0.1465,17829.95,2551177.659,1426.55,1419.68,1432.2,1444.38,-7.2181,-8.2011,1.966,71.53,55.11,104.37,84.9,47.18,42.2,1465.81,1432.2,1398.6
20251219,2025-12-19,1410.0,1412.45,1401.01,1410.0,1407.04,2.96,0.2104,26508.68,3733028.357,1424.42,1417.68,1429.37,1443.41,-8.0046,-8.1618,0.3144,63.42,57.88,74.51,48.09,40.76,32.13,1460.35,1429.37,1398.4
20251222,2025-12-22,1410.0,1414.14,1406.58,1408.26,1410.0,-1.74,-0.1234,20425.65,2881636.856,1420.87,1416.68,1427.19,1442.41,-8.6684,-8.2631,-0.8106,57.0,57.58,55.82,36.32,42.14,29.76,1457.63,1427.19,1396.74
20251223,2025-12-23,1408.26,1412.93,1397.19,1407.86,1408.26,-0.4,-0.0284,24506.81,3445377.032,1418.04,1417.37,1425.35,1441.66,-9.1216,-8.4348,-1.3736,46.31,53.83,31.27,27.52,38.26,30.6,1455.79,1425.35,1394.9
20251224,2025-12-24,1404.99,1406.36,1400.0,1400.9,1407.86,-6.96,-0.4944,25186.69,3533253.565,1411.6,1417.18,1422.94,1440.88,-9.928,-8.7334,-2.3892,33.76,47.14,7.01,25.64,40.32,30.04,1453.1,1422.94,1392.77
20251225,2025-12-25,1405.0,1419.48,1401.38,1414.17,1400.9,13.27,0.9472,23386.21,3299572.096,1408.24,1417.39,1421.28,1440.42,-9.388,-8.8643,-1.0474,35.73,43.34,20.52,29.18,57.69,35.32,1449.49,1421.28,1393.07
20251226,2025-12-26,1414.17,1419.14,1410.0,1414.13,1414.17,-0.04,-0.0028,17802.99,2520605.635,1409.06,1416.74,1419.46,1440.0,-8.8611,-8.8637,0.0052,37.03,41.23,28.62,30.57,56.76,38.46,1444.4,1419.46,1394.52
20251229,2025-12-29,1414.13,1414.13,1401.0,1402.0,1414.13,-12.13,-0.8578,26308.1,3694660.107,1407.81,1414.34,1417.16,1439.45,-9.315,-8.954,-0.722,28.44,36.97,11.37,38.42,44.24,37.37,1439.49,1417.16,1394.83
20251230,2025-12-30,1401.0,1401.9,1386.0,1389.72,1402.0,-12.28,-0.8759,33791.94,4702489.813,1404.18,1411.11,1414.85,1438.27,-10.5441,-9.272,-2.5442,21.3,31.75,0.42,29.44,32.89,33.17,1438.44,1414.85,1391.25
20251231,2025-12-31,1390.0,1394.0,1377.17,1377.18,1389.72,-12.54,-0.9023,34765.63,4799456.452,1399.44,1405.52,1412.25,1437.15,-12.3872,-9.895,-4.9844,14.21,25.9,-9.17,23.19,24.98,31.28,1440.05,1412.25,1384.45
20260105,2026-01-05,1385.0,1431.88,1385.0,1426.0,1377.18,48.82,3.5449,70949.42,10018086.372,1401.81,1405.02,1412.35,1436.97,-9.7956,-9.8751,0.159,39.22,30.34,56.99,62.67,51.4,44.74,1440.33,1412.35,1384.37
20260106,2026-01-06,1432.55,1436.97,1416.53,1428.01,1426.0,2.01,0.141,39586.18,5649710.153,1404.58,1406.82,1412.25,1436.94,-7.4932,-9.3987,3.811,54.49,38.39,86.68,57.88,48.09,45.7,1439.99,1412.25,1384.51
20260107,2026-01-07,1432.88,1435.0,1420.2,1423.36,1428.01,-4.65,-0.3256,29683.8,4234255.286,1408.85,1408.33,1412.51,1437.01,-5.9748,-8.7139,5.4782,62.07,46.28,93.65,54.99,47.19,47.19,1440.56,1412.51,1384.45
20260108,2026-01-08,1423.33,1423.36,1408.14,1412.3,1423.36,-11.06,-0.777,29134.54,4117925.041,1413.37,1408.78,1413.07,1436.37,-5.5994,-8.091,4.9832,60.96,51.18,80.54,55.64,50.91,46.34,1440.63,1413.07,1385.52
20260109,2026-01-09,1417.0,1428.6,1416.01,1419.1,1412.3,6.8,0.4815,29847.74,4243865.418,1421.75,1410.6,1413.89,1435.65,-4.699,-7.4126,5.4272,64.01,55.46,81.13,67.11,54.14,48.94,1441.14,1413.89,1386.63
20260112,2026-01-12,1419.1,1431.0,1417.1,1423.23,1419.1,4.13,0.291,36082.66,5135636.033,1421.2,1411.5,1414.45,1434.62,-3.6106,-6.6522,6.0832,68.35,59.75,85.54,79.72,55.71,48.52,1441.99,1414.45,1386.91
20260113,2026-01-13,1426.79,1429.52,1408.99,1411.0,1423.23,-12.23,-0.8593,39168.66,5555633.779,1417.8,1411.19,1413.97,1433.89,-3.6923,-6.0602,4.7358,64.42,61.31,70.65,31.65,53.61,48.43,1441.39,1413.97,1386.54
20260114,2026-01-14,1411.0,1422.25,1396.18,1398.01,1411.0,-12.99,-0.9206,51757.97,7285041.159,1412.73,1410.79,1412.57,1432.89,-4.7505,-5.7983,2.0956,54.57,59.06,45.57,21.08,44.22,49.33,1440.25,1412.57,1384.89
20260115,2026-01-15,1396.02,1402.83,1388.58,1388.89,1398.01,-9.12,-0.6524,40907.14,5698739.671,1408.05,1410.71,1410.91,1431.67,-6.2529,-5.8892,-0.7274,38.87,52.33,11.95,19.4,41.52,47.01,1440.06,1410.91,1381.76
20260116,2026-01-16,1395.0,1397.5,1380.0,1382.0,1388.89,-6.89,-0.4961,55120.68,7643061.998,1400.63,1411.19,1408.36,1430.39,-7.9084,-6.293,-3.2308,27.09,43.92,-6.58,20.95,43.03,43.49,1438.22,1408.36,1378.49
20260119,2026-01-19,1381.9,1387.49,1375.0,1376.0,1382.0,-6.0,-0.4342,42286.4,5833745.442,1391.18,1406.19,1405.61,1428.86,-9.594,-6.9532,-5.2816,18.61,35.48,-15.13,8.04,45.0,40.19,1436.73,1405.61,1374.48
20260120,2026-01-20,1379.5,1381.58,1372.05,1373.55,1376.0,-2.45,-0.1781,36484.43,5021900.765,1383.69,1400.74,1403.78,1427.58,-11.0007,-7.7627,-6.476,13.26,28.07,-16.38,0.0,48.57,38.33,1437.8,1403.78,1369.77
20260121,2026-01-21,1373.56,1374.4,1350.0,1351.06,1373.55,-22.49,-1.6374,64516.25,8775880.803,1374.3,1393.51,1400.92,1426.09,-13.7715,-8.9645,-9.614,9.27,21.81,-15.79,0.0,12.83,35.42,1441.87,1400.92,1359.98
20260122,2026-01-22,1352.01,1361.76,1337.48,1340.06,1351.06,-11.0,-0.8142,59010.89,7962441.434,1364.53,1386.29,1397.53,1424.34,-16.6629,-10.5042,-12.3174,7.1,16.91,-12.5,0.0,9.95,30.86,1446.13,1397.53,1348.94
20260123,2026-01-23,1340.1,1348.0,1332.47,1337.0,1340.06,-3.06,-0.2283,61948.9,8301311.489,1355.53,1378.08,1394.34,1422.76,-18.9825,-12.1999,-13.5652,6.29,13.37,-7.86,0.0,10.1,30.74,1449.58,1394.34,1339.1
20260126,2026-01-26,1340.51,1355.0,1325.12,1342.0,1337.0,5.0,0.374,80166.06,10751225.525,1348.73,1369.96,1390.73,1421.35,-20.1846,-13.7968,-12.7756,9.99,12.24,5.48,10.0,15.59,35.09,1449.62,1390.73,1331.84
20260127,2026-01-27,1344.98,1353.7,1338.0,1343.01,1342.0,1.01,0.0753,48415.96,6514513.216,1342.63,1363.16,1387.17,1419.9,-20.8159,-15.2006,-11.2306,14.33,12.94,17.12,13.35,10.52,35.65,1448.52,1387.17,1325.82
20260128,2026-01-28,1343.04,1346.71,1322.01,1323.69,1343.01,-19.32,-1.4386,76218.01,10135019.524,1337.15,1355.73,1383.26,1418.04,-22.6144,-16.6834,-11.862,10.3,12.06,6.77,9.71,5.39,32.91,1450.08,1383.26,1316.44
20260129,2026-01-29,1335.0,1445.0,1329.06,1437.72,1323.69,114.03,8.6146,189534.4,26305591.086,1356.68,1360.61,1385.66,1418.19,-14.6694,-16.2806,3.2224,38.22,20.78,73.11,78.24,56.26,55.21,1456.56,1385.66,1314.76
20260130,2026-01-30,1435.0,1435.0,1401.0,1401.0,1437.72,-36.72,-2.554,94479.74,13366329.414,1369.48,1362.51,1386.85,1417.87,-11.2068,-15.2658,8.118,46.89,29.48,81.71,67.01,50.63,48.25,1457.94,1386.85,1315.76
20260202,2026-02-02,1425.0,1458.58,1411.62,1427.0,1401.0,26.0,1.8558,85724.27,12312646.443,1386.48,1367.61,1386.9,1417.74,-6.2921,-13.4711,14.358,56.89,38.62,93.42,72.27,57.5,51.6,1458.1,1386.9,1315.7
20260203,2026-02-03,1445.0,1476.81,1443.03,1474.92,1427.0,47.92,3.3581,86320.66,12628439.703,1412.87,1377.75,1389.25,1418.43,1.4528,-10.4863,23.8782,70.85,49.36,113.83,77.13,65.75,58.31,1468.36,1389.25,1310.13
20260204,2026-02-04,1485.0,1533.27,1474.0,1525.0,1474.92,50.08,3.3954,109122.93,16444345.98,1453.13,1395.14,1394.33,1419.47,11.4992,-6.0892,35.1768,79.26,59.33,119.13,80.94,71.97,64.2,1492.35,1394.33,1296.3
20260205,2026-02-05,1520.0,1565.0,1515.0,1555.0,1525.0,30.0,1.9672,91622.74,14183456.476,1476.58,1416.63,1401.46,1421.07,21.6325,-0.5449,44.3548,84.8,67.82,118.77,87.95,74.75,68.01,1521.89,1401.46,1281.03
20260206,2026-02-06,1555.0,1568.0,1505.88,1515.01,1555.0,-39.99,-2.5717,78965.38,12019878.669,1499.39,1434.43,1406.26,1421.91,26.135,4.7911,42.6878,82.69,72.78,102.51,66.75,71.34,59.18,1536.36,1406.26,1276.15
20260209,2026-02-09,1518.0,1542.88,1513.49,1524.96,1515.01,9.95,0.6568,51168.46,7809067.705,1518.98,1452.73,1411.34,1422.82,30.1585,9.8646,40.5878,82.63,76.06,95.76,80.39,74.13,59.83,1551.29,1411.34,1271.4
20260210,2026-02-10,1524.97,1524.97,1496.5,1504.8,1524.96,-20.16,-1.322,39575.96,5953269.321,1524.95,1468.91,1416.03,1423.62,31.3589,14.1635,34.3908,79.6,77.24,84.32,69.64,70.97,58.01,1561.79,1416.03,1270.28
20260211,2026-02-11,1504.8,1514.0,1496.0,1504.33,1504.8,-0.47,-0.0312,30928.46,4648360.03,1520.82,1486.97,1421.35,1424.17,31.9046,17.7117,28.3858,73.69,76.06,68.96,59.76,70.51,59.24,1571.77,1421.35,1270.93
20260212,2026-02-12,1500.2,1502.82,1473.36,1486.6,1504.33,-17.73,-1.1786,46245.82,6874370.113,1507.14,1491.86,1426.24,1424.35,30.5542,20.2802,20.548,65.11,72.41,50.51,33.77,67.41,56.63,1578.45,1426.24,1274.02
20260213,2026-02-13,1486.6,1507.8,1470.58,1485.3,1486.6,-1.3,-0.0874,41679.01,6216379.203,1501.2,1500.29,1431.4,1424.59,29.0442,22.033,14.0224,54.68,66.5,31.05,11.1,70.49,56.13,1584.27,1431.4,1278.53
20260224,2026-02-24,1521.0,1524.4,1463.6,1466.8,1485.3,-18.5,-1.2455,41912.53,6198840.572,1489.57,1504.27,1435.94,1424.58,26.0545,22.8373,6.4344,37.48,56.83,-1.22,14.61,54.87,55.45,1587.35,1435.94,1284.53
20260225,2026-02-25,1470.0,1509.66,1467.88,1491.66,1466.8,24.86,1.6948,36880.67,5490316.149,1486.94,1505.95,1441.85,1425.0,25.3983,23.3495,4.0976,33.94,49.2,3.43,29.94,65.8,58.94,1592.27,1441.85,1291.42
20260226,2026-02-26,1486.6,1489.49,1464.67,1466.21,1491.66,-25.45,-1.7062,32958.01,4855471.43,1479.31,1500.07,1447.6,1425.24,22.5645,23.1925,-1.256,23.46,40.62,-10.85,28.15,56.85,57.15,1592.4,1447.6,1302.81
20260227,2026-02-27,1466.99,1476.21,1455.02,1455.02,1466.21,-11.19,-0.7632,32160.16,4697692.477,1473.0,1490.07,1453.35,1425.41,19.1945,22.3929,-6.3968,15.64,32.29,-17.66,25.1,46.01,56.7,1589.48,1453.35,1317.22
20260302,2026-03-02,1450.0,1457.0,1436.66,1440.11,1455.02,-14.91,-1.0247,35453.86,5115063.511,1463.96,1482.58,1458.51,1425.26,15.1461,20.9435,-11.5948,11.73,25.44,-15.69,25.84,30.21,55.79,1584.01,1458.51,1333.0
20260303,2026-03-03,1440.1,1452.87,1422.13,1426.19,1440.11,-13.92,-0.9666,45890.86,6565381.648,1455.84,1472.7,1462.72,1424.91,10.6912,18.893,-16.4036,9.14,20.01,-12.58,22.84,17.54,54.66,1577.5,1462.72,1347.93
20260304,2026-03-04,1415.0,1423.0,1392.09,1401.18,1426.19,-25.01,-1.7536,48014.43,6743267.103,1437.74,1462.34,1465.62,1424.09,5.084,16.1312,-22.0944,8.39,16.13,-7.11,21.55,18.98,54.42,1570.66,1465.62,1360.59
20260305,2026-03-05,1406.0,1412.96,1395.0,1399.04,1401.18,-2.14,-0.1527,30505.24,4276226.062,1424.31,1451.81,1469.39,1423.27,0.4622,12.9974,-25.0704,7.34,13.2,-4.38,0.0,14.15,55.28,1557.9,1469.39,1380.89
20260306,2026-03-06,1395.0,1407.5,1388.0,1402.0,1399.04,2.96,0.2116,29154.15,4072328.833,1413.7,1443.35,1467.61,1422.7,-2.928,9.8123,-25.4806,8.32,11.57,1.8,4.22,17.56,55.82,1559.96,1467.61,1375.26
20260309,2026-03-09,1262.99,1263.0,1252.55,1256.0,1262.98,-6.98,-0.5527,27860.12,3500590.715,1376.88,1420.42,1460.36,1419.82,-17.1975,4.4103,-43.2156,5.99,9.71,-1.45,1.44,9.15,43.85,1588.37,1460.36,1332.35
20260309,2026-03-09,1390.0,1404.9,1383.2,1397.0,1402.0,-5.0,-0.3566,37441.62,5220095.639,1371.04,1413.44,1458.86,1419.37,-16.9334,0.1416,-34.15,24.32,14.58,43.79,43.49,39.51,53.22,1589.08,1458.86,1328.64
20260310,2026-03-10,1404.9,1409.49,1398.0,1401.88,1397.0,4.88,0.3493,24625.92,3457808.916,1371.18,1404.46,1455.2,1418.9,-16.1443,-3.1156,-26.0574,38.47,22.54,70.31,46.23,40.32,54.74,1587.5,1455.2,1322.91
20260311,2026-03-11,1402.99,1405.99,1398.02,1400.0,1401.88,-1.88,-0.1341,24456.73,3425363.892,1371.38,1397.84,1448.95,1418.6,-15.492,-5.5909,-19.8022,49.68,31.59,85.87,49.8,41.94,47.35,1579.27,1448.95,1318.64
20260312,2026-03-12,1395.0,1403.95,1391.01,1392.0,1400.0,-8.0,-0.5714,27586.46,3850521.717,1369.38,1391.54,1440.8,1418.45,-15.4426,-7.5612,-15.7628,56.33,39.84,89.31,48.84,37.46,49.34,1563.75,1440.8,1317.86
20260313,2026-03-13,1392.48,1417.62,1392.0,1413.64,1392.0,21.64,1.5546,33607.83,4738808.558,1400.9,1388.89,1435.74,1418.63,-13.5016,-8.7493,-9.5046,69.05,49.58,108.01,51.8,43.32,49.02,1554.3,1435.74,1317.17
20260316,2026-03-16,1420.0,1466.0,1420.0,1460.18,1413.64,46.54,3.2922,60086.35,8711525.836,1413.54,1392.29,1432.5,1419.43,-8.1145,-8.6223,1.0156,78.46,59.2,116.97,95.59,50.6,48.91,1544.5,1432.5,1320.5
20260317,2026-03-17,1468.0,1498.07,1461.19,1485.0,1460.18,24.82,1.6998,49453.61,7347310.632,1430.16,1400.67,1431.51,1420.5,-1.8214,-7.2621,10.8814,83.87,67.42,116.75,90.83,55.12,46.94,1541.26,1431.51,1321.75
20260318,2026-03-18,1489.0,1496.5,1463.15,1468.8,1485.0,-16.2,-1.0909,35551.0,5239992.522,1443.92,1407.65,1429.73,1421.22,1.8376,-5.4422,14.5596,85.27,73.37,109.06,78.1,54.83,43.26,1535.8,1429.73,1323.66
20260319,2026-03-19,1472.96,1473.0,1446.0,1452.87,1468.8,-15.93,-1.0846,30318.59,4404953.481,1456.1,1412.74,1428.04,1421.73,3.4126,-3.6712,14.1676,77.06,74.6,81.98,69.86,55.98,44.95,1531.48,1428.04,1324.61
20260320,2026-03-20,1452.96,1462.5,1439.0,1445.0,1452.87,-7.87,-0.5417,26132.34,3782818.26,1462.37,1431.64,1426.03,1421.93,3.9799,-2.141,12.2418,68.19,72.46,59.63,69.92,55.25,43.48,1526.45,1426.03,1325.61
20260323,2026-03-23,1433.33,1435.0,1400.03,1408.07,1445.0,-36.93,-2.5557,47255.89,6669708.665,1451.95,1432.74,1423.09,1421.55,1.433,-1.4262,5.7184,50.77,65.23,21.84,48.12,50.64,42.32,1522.0,1423.09,1324.19
20260324,2026-03-24,1416.0,1417.59,1400.18,1407.33,1408.07,-0.74,-0.0526,28561.79,4017694.387,1436.41,1433.29,1418.88,1421.5,-0.6378,-1.2685,1.2614,38.93,56.46,3.85,24.22,73.18,42.31,1512.79,1418.88,1324.96
20260325,2026-03-25,1410.11,1417.87,1401.01,1410.27,1407.33,2.94,0.2089,26093.46,3677905.549,1424.71,1434.32,1416.08,1421.54,-2.0184,-1.4185,-1.1998,31.69,48.21,-1.34,3.65,53.52,43.8,1507.49,1416.08,1324.67
20260326,2026-03-26,1409.0,1413.9,1400.3,1401.18,1410.27,-9.09,-0.6446,23092.89,3243387.502,1414.37,1435.23,1413.39,1421.42,-3.8022,-1.8952,-3.814,21.52,39.31,-14.06,4.0,49.82,43.25,1503.21,1413.39,1323.56
20260327,2026-03-27,1400.0,1426.0,1396.66,1416.02,1401.18,14.84,1.0591,30087.11,4257499.781,1408.57,1435.47,1412.18,1421.68,-3.9726,-2.3107,-3.3238,20.71,33.11,-4.09,24.55,53.9,45.9,1501.18,1412.18,1323.18
20260330,2026-03-30,1407.0,1431.0,1402.52,1420.0,1416.02,3.98,0.2811,28684.59,4060684.934,1410.96,1431.45,1411.87,1421.77,-3.7434,-2.5972,-2.2924,21.6,29.27,6.25,31.76,56.95,44.02,1500.72,1411.87,1323.03
20260331,2026-03-31,1468.0,1479.93,1448.41,1450.0,1420.0,30.0,2.1127,61690.66,9015486.797,1419.49,1427.95,1414.31,1422.37,-1.128,-2.3034,2.3508,35.75,31.43,44.39,84.04,58.66,48.66,1504.52,1414.31,1324.1
20260401,2026-04-01,1464.49,1469.99,1452.88,1459.44,1450.0,9.44,0.651,29125.14,4256185.472,1429.33,1427.02,1417.33,1423.33,1.6871,-1.5053,6.3848,48.97,37.28,72.34,87.07,49.79,50.37,1509.32,1417.33,1325.35
20260402,2026-04-02,1459.44,1464.88,1452.1,1459.88,1459.44,0.44,0.0301,21064.37,3071809.846,1441.07,1427.72,1420.23,1424.5,3.9084,-0.4226,8.662,57.95,44.17,85.52,86.59,41.54,51.68,1513.73,1420.23,1326.72
20260403,2026-04-03,1459.54,1469.96,1455.0,1460.0,1459.88,0.12,0.0082,20193.73,2953993.081,1449.86,1429.22,1430.43,1425.88,5.6139,0.7847,9.6584,63.99,50.78,90.42,100.0,46.67,52.95,1487.43,1430.43,1373.42
20260407,2026-04-07,1460.05,1470.0,1435.05,1440.02,1460.0,-19.98,-1.3685,24152.18,3507471.653,1453.87,1432.41,1432.58,1426.11,5.2922,1.6862,7.212,60.02,53.86,72.34,68.76,45.29,53.42,1487.59,1432.58,1377.57
20260408,2026-04-08,1460.0,1469.08,1452.13,1465.02,1440.02,25.0,1.7361,33836.1,4947937.007,1456.87,1438.18,1435.74,1426.73,6.9742,2.7438,8.4608,67.38,58.36,85.4,76.49,56.52,55.58,1490.58,1435.74,1380.89
20260409,2026-04-09,1465.02,1465.02,1447.5,1460.49,1465.02,-4.53,-0.3092,20704.76,3012278.579,1457.08,1443.2,1438.76,1427.35,7.8511,3.7653,8.1716,70.47,62.4,86.61,58.81,71.64,54.93,1492.04,1438.76,1385.48
20260410,2026-04-10,1459.14,1459.71,1441.1,1453.96,1460.49,-6.53,-0.4471,28865.56,4187181.529,1455.9,1448.48,1441.86,1428.04,7.9278,4.5978,6.66,69.13,64.64,78.11,45.16,68.37,71.83,1490.94,1441.86,1392.78
20260413,2026-04-13,1444.0,1446.5,1433.0,1443.31,1453.96,-10.65,-0.7325,25213.64,3629675.49,1452.56,1451.21,1443.34,1428.45,7.048,5.0878,3.9204,53.41,60.9,38.43,37.6,62.27,57.17,1490.68,1443.34,1396.0
20260414,2026-04-14,1442.6,1448.6,1435.0,1446.9,1443.31,3.59,0.2487,24232.61,3492544.23,1453.94,1453.9,1442.68,1428.84,6.5647,5.3832,2.363,48.13,56.64,31.1,40.68,67.71,57.0,1489.43,1442.68,1395.93
20260415,2026-04-15,1444.98,1470.79,1442.0,1467.5,1446.9,20.6,1.4237,34553.48,5049317.187,1454.43,1455.65,1441.8,1429.78,7.7546,5.8575,3.7942,62.52,58.6,70.35,69.38,69.09,59.91,1485.93,1441.8,1397.67
20260416,2026-04-16,1467.45,1477.41,1460.0,1462.84,1467.5,-4.66,-0.3175,24512.84,3597294.838,1454.9,1455.99,1441.5,1430.86,8.2267,6.3313,3.7908,64.08,60.43,71.38,47.84,65.8,60.51,1484.98,1441.5,1398.03
20260417,2026-04-17,1400.0,1421.0,1399.87,1407.24,1462.84,-55.6,-3.8008,96824.99,13631929.446,1445.56,1450.73,1439.22,1431.17,4.0675,5.8785,-3.622,45.89,55.58,26.5,23.8,36.73,49.14,1484.81,1439.22,1393.64
20260420,2026-04-20,1403.0,1413.94,1400.0,1410.89,1407.24,3.65,0.2594,36451.39,5127146.041,1439.07,1445.82,1437.52,1431.65,1.0537,4.9135,-7.7196,35.33,48.83,8.33,28.19,34.37,42.49,1484.64,1437.52,1390.4
20260421,2026-04-21,1411.0,1419.9,1410.0,1412.01,1410.89,1.12,0.0794,21754.27,3074595.192,1432.1,1443.02,1437.71,1432.25,-1.2302,3.6848,-9.83,28.77,42.14,2.03,32.46,34.66,38.01,1484.37,1437.71,1391.06
20260422,2026-04-22,1415.0,1419.0,1404.98,1409.5,1412.01,-2.51,-0.1778,26915.93,3793827.534,1420.5,1437.46,1437.82,1432.85,-3.2058,2.3067,-11.025,23.32,35.87,-1.78,28.78,34.06,39.8,1484.2,1437.82,1391.44
20260423,2026-04-23,1408.0,1419.7,1405.1,1419.0,1409.5,9.5,0.674,37701.09,5332831.151,1411.73,1433.32,1438.26,1433.98,-3.9593,1.0535,-10.0256,23.77,31.84,7.64,18.52,42.9,44.04,1483.75,1438.26,1392.77
20260424,2026-04-24,1413.1,1458.88,1413.1,1458.49,1419.0,39.49,2.7829,55455.31,8003410.999,1421.98,1433.77,1441.13,1435.95,-1.3543,0.5719,-3.8524,41.05,34.91,53.33,48.06,47.99,52.13,1484.06,1441.13,1398.19
20260427,2026-04-27,1420.0,1420.0,1402.2,1403.2,1458.49,-55.29,-3.7909,72797.74,10239763.452,1420.44,1429.76,1440.48,1437.06,-3.7085,-0.2842,-6.8486,28.8,32.87,20.65,48.19,36.56,49.27,1485.24,1440.48,1395.73
20260428,2026-04-28,1402.0,1409.39,1400.11,1405.0,1403.2,1.8,0.1283,34004.42,4772513.712,1419.04,1425.57,1439.73,1438.11,-5.3671,-1.3008,-8.1326,21.4,29.05,6.11,47.32,38.26,49.65,1486.31,1439.73,1393.16
20260429,2026-04-29,1405.0,1409.75,1400.28,1401.17,1405.0,-3.83,-0.2726,34813.13,4881691.348,1417.37,1418.93,1437.29,1439.08,-6.9109,-2.4228,-8.9762,15.0,24.37,-3.72,45.18,39.55,48.65,1486.5,1437.29,1388.08
20260430,2026-04-30,1400.0,1401.17,1380.0,1384.79,1401.17,-16.38,-1.169,52752.67,7316111.748,1410.53,1411.13,1433.56,1440.1,-9.3484,-3.8079,-11.081,12.03,20.25,-4.43,40.22,35.52,47.61,1486.66,1433.56,1380.47
20260506,2026-05-06,1365.1,1379.0,1360.05,1375.0,1384.79,-9.79,-0.707,47806.04,6550750.94,1393.83,1407.9,1429.32,1439.05,-11.9326,-5.4328,-12.9996,13.06,17.85,3.47,32.62,27.29,43.94,1486.71,1429.32,1371.92
20260507,2026-05-07,1375.0,1388.0,1370.01,1371.05,1375.0,-3.95,-0.2873,40461.47,5573286.315,1387.4,1403.92,1424.87,1438.55,-14.1363,-7.1735,-13.9256,12.42,16.04,5.17,1.98,27.38,42.77,1485.75,1424.87,1363.99
20260508,2026-05-08,1371.66,1382.77,1370.0,1372.99,1371.05,1.94,0.1415,33368.53,4582855.939,1381.0,1400.02,1421.52,1437.65,-15.547,-8.8482,-13.3976,12.64,14.91,8.11,9.92,38.53,37.59,1485.96,1421.52,1357.07
20260511,2026-05-11,1372.89,1372.89,1361.0,1361.33,1372.99,-11.66,-0.8492,57135.1,7790721.392,1373.03,1395.2,1416.33,1435.76,-17.4052,-10.5596,-13.6912,8.86,12.89,0.79,4.08,34.24,34.31,1482.6,1416.33,1350.06
20260512,2026-05-12,1362.0,1363.58,1350.5,1354.55,1361.33,-6.78,-0.498,50837.43,6886304.982,1366.98,1388.76,1411.04,1432.92,-19.2036,-12.2884,-13.8304,7.85,11.21,1.12,3.84,32.37,33.49,1479.25,1411.04,1342.82
20260513,2026-05-13,1354.5,1358.6,1338.0,1344.09,1354.55,-10.46,-0.7722,56967.87,7653257.144,1360.8,1377.32,1405.54,1429.4,-21.2282,-14.0764,-14.3036,8.06,10.16,3.86,4.35,30.86,32.4,1476.68,1405.54,1334.41
20260514,2026-05-14,1338.0,1369.06,1335.18,1342.17,1344.09,-1.92,-0.1428,55244.34,7428592.859,1355.03,1371.21,1400.49,1426.52,-22.7256,-15.8062,-13.8388,8.5,9.61,6.28,5.28,26.47,34.28,1474.48,1400.49,1326.49
20260515,2026-05-15,1335.15,1339.28,1327.11,1332.95,1342.17,-9.22,-0.6869,58183.65,7749366.54,1347.02,1364.01,1394.79,1423.32,-24.3753,-17.52,-13.7106,8.29,9.17,6.54,4.62,2.81,27.65,1471.13,1394.79,1318.45
20260518,2026-05-18,1336.0,1342.68,1319.61,1323.0,1332.95,-9.95,-0.7465,49660.97,6594983.723,1339.35,1356.19,1387.56,1420.29,-26.1838,-19.2528,-13.862,7.18,8.51,4.53,0.0,4.27,27.15,1462.34,1387.56,1312.78
20260519,2026-05-19,1321.9,1329.99,1318.0,1324.3,1323.0,1.3,0.0983,43254.64,5719170.335,1333.3,1350.14,1380.64,1417.29,-27.1986,-20.842,-12.7132,7.79,8.27,6.83,3.28,3.72,28.07,1451.82,1380.64,1309.45
20260520,2026-05-20,1321.0,1332.99,1314.0,1315.0,1324.3,-9.3,-0.7023,47487.33,6271273.748,1327.48,1344.14,1376.02,1414.43,-28.4256,-22.3587,-12.1338,5.68,7.4,2.22,3.08,3.5,28.2,1451.54,1376.02,1300.51
20260521,2026-05-21,1312.98,1323.52,1311.0,1311.0,1315.0,-4.0,-0.3042,38868.38,5112740.391,1321.25,1338.14,1371.03,1411.53,-29.3821,-23.7634,-11.2374,3.78,6.2,-1.04,3.64,4.04,26.94,1449.8,1371.03,1292.26
20260522,2026-05-22,1310.95,1311.91,1290.12,1290.2,1311.0,-20.8,-1.5866,49157.14,6372389.482,1312.7,1329.86,1364.94,1408.58,-31.4558,-25.3019,-12.3078,2.56,4.98,-2.3,2.38,3.55,19.94,1448.77,1364.94,1281.11
20260525,2026-05-25,1287.0,1304.79,1277.0,1285.88,1290.2,-4.32,-0.3348,46352.76,5978725.158,1305.28,1322.31,1358.76,1405.15,-33.0668,-26.8549,-12.4238,4.92,4.96,4.83,2.62,3.54,19.96,1446.66,1358.76,1270.85
20260526,2026-05-26,1285.35,1289.89,1270.01,1273.38,1285.88,-12.5,-0.9721,45931.62,5867830.633,1295.09,1314.2,1351.48,1401.94,-34.9492,-28.4738,-12.9508,4.41,4.78,3.68,2.49,1.27,23.38,1442.29,1351.48,1260.66
20260527,2026-05-27,1268.02,1319.0,1250.1,1303.0,1273.38,29.62,2.3261,82727.91,10586574.902,1292.69,1310.09,1343.7,1399.4,-33.6629,-29.5116,-8.3026,21.99,10.52,44.94,36.78,25.73,30.56,1422.35,1343.7,1265.06
20260528,2026-05-28,1290.0,1304.0,1271.0,1275.98,1303.0,-27.02,-2.0737,45889.98,5895475.019,1285.69,1303.47,1337.34,1396.67,-34.4269,-30.4947,-7.8644,23.98,15.0,41.93,30.14,22.02,27.58,1416.29,1337.34,1258.39
20260529,2026-05-29,1270.6,1329.0,1270.0,1326.0,1275.98,50.02,3.9201,76478.05,10037388.211,1292.85,1302.77,1333.39,1395.0,-30.643,-30.5244,-0.2372,46.51,25.5,88.51,55.2,44.97,38.1,1406.06,1333.39,1260.73
20260601,2026-06-01,1327.0,1327.0,1301.31,1309.6,1326.0,-16.4,-1.2368,43844.6,5741133.268,1297.59,1301.43,1328.81,1393.47,-28.6375,-30.147,3.019,54.93,35.31,94.17,56.93,41.63,34.71,1395.08,1328.81,1262.55
20260602,2026-06-02,1306.0,1326.36,1301.0,1307.22,1309.6,-2.38,-0.1817,36361.85,4769963.104,1304.36,1299.73,1324.93,1391.94,-26.9297,-29.5035,5.1476,60.75,43.79,94.67,57.74,43.14,26.41,1386.56,1324.93,1263.31
20260603,2026-06-03,1304.0,1304.0,1276.0,1281.91,1307.22,-25.31,-1.9362,52476.52,6743202.681,1300.14,1296.42,1320.28,1389.94,-27.3038,-29.0636,3.5196,53.94,47.18,67.47,52.83,39.88,29.13,1380.11,1320.28,1260.45
20260604,2026-06-04,1278.99,1288.99,1266.69,1268.0,1281.91,-13.91,-1.0851,33506.17,4273269.325,1298.55,1292.12,1315.13,1390.14,-28.3954,-28.93,1.0692,43.52,45.96,38.65,37.04,36.94,27.37,1374.33,1315.13,1255.93
20260605,2026-06-05,1278.0,1283.0,1267.74,1272.86,1268.0,4.86,0.3833,31303.97,3984001.862,1287.92,1290.38,1310.12,1388.07,-28.5393,-28.8519,0.6252,38.63,43.52,28.86,48.62,40.02,28.88,1365.73,1310.12,1254.52
20260608,2026-06-08,1272.0,1278.0,1260.0,1262.98,1272.86,-9.88,-0.7762,30828.36,3898027.116,1278.59,1288.09,1305.2,1385.76,-29.115,-28.9045,-0.421,31.2,39.41,14.77,6.68,38.94,29.51,1359.2,1305.2,1251.21
20260610,2026-06-10,1252.08,1282.0,1250.21,1275.88,1256.0,19.88,1.5828,39244.14,4991686.419,1272.33,1288.34,1301.27,1383.69,-28.2052,-28.7646,1.1188,31.66,36.83,21.32,25.65,46.58,33.5,1351.65,1301.27,1250.89
20260611,2026-06-11,1272.12,1282.88,1266.91,1279.0,1275.88,3.12,0.2445,25351.98,3230008.22,1271.74,1285.94,1298.02,1381.81,-26.9221,-28.3961,2.948,33.28,35.64,28.56,29.84,48.35,34.64,1345.22,1298.02,1250.81
20260612,2026-06-12,1271.18,1295.0,1265.01,1291.91,1279.0,12.91,1.0094,50494.78,6477910.214,1276.53,1287.54,1295.5,1379.78,-24.5801,-27.6329,6.1056,40.29,37.19,46.49,58.68,54.45,36.95,1338.17,1295.5,1252.83
20260615,2026-06-15,1292.7,1292.7,1270.1,1271.1,1291.91,-20.81,-1.6108,41585.56,5303656.129,1276.17,1282.05,1292.41,1376.63,-24.1252,-26.9314,5.6124,36.01,36.8,34.42,52.4,42.01,35.89,1332.67,1292.41,1252.15
20260616,2026-06-16,1267.01,1267.88,1255.0,1255.67,1271.1,-15.43,-1.2139,34969.74,4399957.625,1274.71,1276.65,1289.04,1372.8,-24.7247,-26.4901,3.5308,27.39,33.66,14.84,38.55,44.6,34.94,1329.77,1289.04,1248.32
20260617,2026-06-17,1258.0,1259.77,1238.56,1240.0,1255.67,-15.67,-1.2479,44803.3,5581256.291,1267.54,1269.93,1284.83,1368.99,-26.1627,-26.4246,0.5238,19.11,28.81,-0.29,35.79,22.0,34.4,1327.49,1284.83,1242.17
20260618,2026-06-18,1235.0,1238.87,1211.22,1215.0,1240.0,-25.0,-2.0161,57471.73,7016713.941,1254.74,1263.24,1279.83,1365.03,-28.9854,-26.9368,-4.0972,14.24,23.95,-5.18,17.25,20.83,32.17,1329.96,1279.83,1229.7
20260622,2026-06-22,1214.31,1252.8,1205.0,1241.41,1215.0,26.41,2.1737,58251.31,7163236.298,1244.64,1260.58,1276.35,1361.63,-28.7599,-27.3014,-2.917,22.98,23.63,21.68,33.83,32.33,37.76,1327.0,1276.35,1225.7
20260623,2026-06-23,1239.0,1264.0,1217.0,1222.45,1241.41,-18.96,-1.5273,58004.05,7179745.911,1234.91,1255.54,1272.96,1358.54,-29.768,-27.7947,-3.9466,21.78,23.01,19.32,21.6,33.47,36.87,1328.3,1272.96,1217.62
20260624,2026-06-24,1222.65,1241.87,1207.51,1207.68,1222.45,-14.77,-1.2082,45335.28,5516574.46,1225.31,1250.01,1269.05,1355.21,-31.3967,-28.5151,-5.7632,15.51,20.51,5.52,22.72,33.31,35.29,1330.86,1269.05,1207.24
20260625,2026-06-25,1207.0,1227.0,1200.0,1212.1,1207.68,4.42,0.366,48446.49,5860481.755,1219.73,1243.63,1265.99,1351.91,-31.9624,-29.2046,-5.5156,14.59,18.54,6.69,29.3,33.15,36.86,1332.53,1265.99,1199.45
20260626,2026-06-26,1199.0,1199.0,1168.1,1168.63,1184.08,-15.45,-1.3048,50066.47,5922014.054,1210.45,1232.6,1259.27,1348.03,-35.5091,-30.4655,-10.0872,9.87,15.65,-1.69,23.18,27.94,33.48,1335.88,1259.27,1182.66
20260629,2026-06-29,1169.0,1215.0,1151.01,1194.96,1168.63,26.33,2.2531,66878.12,7949237.761,1201.16,1222.9,1255.22,1344.35,-35.7828,-31.529,-8.5076,19.11,16.8,23.73,42.54,32.2,39.09,1336.3,1255.22,1174.14
20260630,2026-06-30,1187.0,1195.67,1176.0,1185.49,1194.96,-9.47,-0.7925,39607.79,4684236.159,1193.77,1214.34,1248.19,1340.44,-36.3449,-32.4922,-7.7054,22.91,18.84,31.06,26.19,29.99,38.63,1327.86,1248.19,1168.52
20260701,2026-07-01,1180.1,1196.8,1166.33,1193.01,1185.49,7.52,0.6343,42473.81,5033838.236,1190.84,1208.07,1242.36,1336.16,-35.7712,-33.148,-5.2464,27.67,21.78,39.44,36.11,28.34,40.8,1320.25,1242.36,1164.48
20260702,2026-07-02,1193.01,1215.52,1190.51,1203.0,1193.01,9.99,0.8374,50870.15,6122360.932,1189.02,1204.37,1237.15,1331.88,-34.1171,-33.3418,-1.5506,33.78,25.78,49.78,47.69,34.34,38.01,1310.81,1237.15,1163.49
